feature,importance
ai_capability,0.30480459325949943
co2_pressure,0.2713640464610738
ai_safety,0.1824865218140329
conflict_index,0.18177764544470257
climate_pressure,0.05956719302069119
